INSERT INTO tb_user (name,email,password) VALUES ('Diego Wandrofski Borges','diego@gmail.com', '$2a$10$eACCYoNOHEqXve8aIWT8Nu3PkMXWBaOxJ9aORUYzfMQCbVBIhZ8tG');
INSERT INTO tb_user (name,email,password) VALUES ('Machado de Assis','machado@gmail.com', '$2a$10$eACCYoNOHEqXve8aIWT8Nu3PkMXWBaOxJ9aORUYzfMQCbVBIhZ8tG');
INSERT INTO tb_user (name,email,password) VALUES ('José de Alencar','jose@gmail.com', '$2a$10$eACCYoNOHEqXve8aIWT8Nu3PkMXWBaOxJ9aORUYzfMQCbVBIhZ8tG');
INSERT INTO tb_user (name,email,password) VALUES ('Monteiro Lobato','monteiro@gmail.com', '$2a$10$eACCYoNOHEqXve8aIWT8Nu3PkMXWBaOxJ9aORUYzfMQCbVBIhZ8tG');


INSERT INTO tb_role (authority) VALUES ('ROLE_ADMIN');
INSERT INTO tb_role (authority) VALUES ('ROLE_REGISTRATION_PARAMETER');
INSERT INTO tb_role (authority) VALUES ('ROLE_REGISTRATION_USER');
INSERT INTO tb_role (authority) VALUES ('ROLE_REGISTRATION_GROUP');
INSERT INTO tb_role (authority) VALUES ('ROLE_REGISTRATION_UNITY');
INSERT INTO tb_role (authority) VALUES ('ROLE_REGISTRATION_PRODUCT');
INSERT INTO tb_role (authority) VALUES ('ROLE_REGISTRATION_SECTOR');
INSERT INTO tb_role (authority) VALUES ('ROLE_REGISTRATION_EMPLOYEE');
INSERT INTO tb_role (authority) VALUES ('ROLE_REGISTRATION_LABORCOSTTYPE');
INSERT INTO tb_role (authority) VALUES ('ROLE_REGISTRATION_OPERATIONALCOSTTYPE');
INSERT INTO tb_role (authority) VALUES ('ROLE_REGISTRATION_OCCURRENCE');
INSERT INTO tb_role (authority) VALUES ('ROLE_REGISTRATION_STATUSPALLET');

INSERT INTO tb_user_role (user_id, role_id) VALUES (1, 1);
INSERT INTO tb_user_role (user_id, role_id) VALUES (2, 1);
INSERT INTO tb_user_role (user_id, role_id) VALUES (3, 1);
INSERT INTO tb_user_role (user_id, role_id) VALUES (4, 1);

INSERT INTO tb_unity(id,description)VALUES('UN','UNIDADE');
INSERT INTO tb_unity(id,description)VALUES('KG','KILO');
INSERT INTO tb_unity(id,description)VALUES('L','LITRO');
INSERT INTO tb_unity(id,description)VALUES('CX','CAIXA');
INSERT INTO tb_unity(id,description)VALUES('RL','ROLO');

INSERT INTO tb_group(name)VALUES('INSUMO');
INSERT INTO tb_group(name)VALUES('MATERIA PRIMA');
INSERT INTO tb_group(name)VALUES('EMBALAGEM');
INSERT INTO tb_group(name)VALUES('USO E CONSUMO');
INSERT INTO tb_group(name)VALUES('PRODUTO ACABADO');

INSERT INTO tb_SECTOR(NAME) VALUES('PRODUCAO');
INSERT INTO tb_SECTOR(NAME) VALUES('FRACIONAMENTO');
INSERT INTO tb_SECTOR(NAME) VALUES('CALDEIRA');

INSERT INTO tb_OCCURRENCE(NAME) VALUES('NORMAL');
INSERT INTO tb_OCCURRENCE(NAME) VALUES('ALTERACAO NA QUANTIDADE PRODUZIDA');
INSERT INTO tb_OCCURRENCE(NAME) VALUES('PERDA NA PRODUÇÃO');
INSERT INTO tb_OCCURRENCE(NAME) VALUES('EMBALAGEM DANIFICADA');
INSERT INTO tb_OCCURRENCE(NAME) VALUES('INSUMO DANIFICADO');
INSERT INTO tb_OCCURRENCE(NAME) VALUES('MATERIA PRIMA FORA DO PADRÃO');

INSERT INTO tb_LABOR_COST_TYPE (NAME) VALUES('SALARIO');
INSERT INTO tb_LABOR_COST_TYPE (NAME) VALUES('HORA EXTRA');
INSERT INTO tb_LABOR_COST_TYPE (NAME) VALUES('AUXILIO TRANSPORTE');

INSERT INTO tb_operational_cost_type (NAME,TYPE) VALUES('ENERGIA ELETRICA',1);
INSERT INTO tb_operational_cost_type (NAME,TYPE) VALUES('LIMPEZA',0);
INSERT INTO tb_operational_cost_type (NAME,TYPE) VALUES('AGUA',0); 

INSERT INTO tb_pallet_status (NAME) VALUES('LIBERADO');
INSERT INTO tb_pallet_status (NAME) VALUES('EM ANALISE');
INSERT INTO tb_pallet_status (NAME) VALUES('CONDENADO');
INSERT INTO tb_pallet_status (NAME) VALUES('REJEITADO');


INSERT INTO tb_product(description, gross_weight,name,net_weight,packaging,group_id,unity_id,validity_days)VALUES('Leite in natura',1.032,'LEITE IN NATURA',1.032,'',2,'L',0);
INSERT INTO tb_product(description, gross_weight,name,net_weight,packaging,group_id,unity_id,validity_days)VALUES('Leite in natura desnatado',1.032,'LEITE IN NATURA DESNATADO',1.032,'',2,'L',0);
INSERT INTO tb_product(description, gross_weight,name,net_weight,packaging,group_id,unity_id,validity_days)VALUES('Saco utilizado para envase de leite em pó da marca Moinho',0.700,'SACO MOINHO 25 KG',0.700,'',3,'UN',0);
INSERT INTO tb_product(description, gross_weight,name,net_weight,packaging,group_id,unity_id,validity_days)VALUES('Saco utilizado para envase de leite em pó',0.700,'SACO 25 KG PARDO',0.700,'',3,'UN',0);
INSERT INTO tb_product(description, gross_weight,name,net_weight,packaging,group_id,unity_id,validity_days)VALUES('Abraçadeira utilizada para vedar o saco interno de leite',0.1,'ABRACADEIRA DE NYLON',0.1,'',3,'UN',0);
INSERT INTO tb_product(description, gross_weight,name,net_weight,packaging,group_id,unity_id,validity_days)VALUES('Linha de poliester utilizada para para costurar a embalagem externa',1,'LINHA DE POLIESTER',1,'',3,'KG',0);  
INSERT INTO tb_product(description, gross_weight,name,net_weight,packaging,group_id,unity_id,validity_days)VALUES('Leite em pó integral',1,'LEITE EM PO',1,'SC COM 25KG',5,'KG',365);
INSERT INTO tb_product(description, gross_weight,name,net_weight,packaging,group_id,unity_id,validity_days)VALUES('Leite em pó integral desnatado',1,'LEITE EM PO DESNATADO',1,'SC COM 25KG',5,'KG',365);
INSERT INTO tb_product(description, gross_weight,name,net_weight,packaging,group_id,unity_id,validity_days)VALUES('Leite em pó - TIPO C',1,'LEITE EM PO - TIPO C',1,'SC COM 25KG',5,'KG',365);
INSERT INTO tb_product(description, gross_weight,name,net_weight,packaging,group_id,unity_id,validity_days)VALUES('Leite em pó desnatado - TIPO C',1,'LEITE EM PO DESNATADO - TIPO C',1,'SC COM 25KG',5,'KG',365);
INSERT INTO tb_product(description, gross_weight,name,net_weight,packaging,group_id,unity_id,validity_days)VALUES('Saco utilizado para envase do produto fracionado',0.700,'SACO MOINHO 10 KG',0.700,'',3,'UN',0);
INSERT INTO tb_product(description, gross_weight,name,net_weight,packaging,group_id,unity_id,validity_days)VALUES('Saco utilizado para envase de leite em pó',0.700,'SACO 10 KG PARDO',0.700,'',3,'UN',0);
INSERT INTO tb_product(description, gross_weight,name,net_weight,packaging,group_id,unity_id,validity_days)VALUES('Fita para realizar o carimbo',1,'FITA DATADORA PARA FRACIONAMENTO',1,'',3,'RL',0);
INSERT INTO tb_product(description, gross_weight,name,net_weight,packaging,group_id,unity_id,validity_days)VALUES('Filme utilizado para envase do pallet',0.700,'FILME STRETCH',0.700,'',3,'KG',0);
INSERT INTO tb_product(description, gross_weight,name,net_weight,packaging,group_id,unity_id,validity_days)VALUES('Embalagem utilizada para o fracionamento',0.700,'BIPET MET PE 350X0.080 LEITE EM PO MOINHO 25X400',0.700,'',3,'KG',0);
INSERT INTO tb_product(description, gross_weight,name,net_weight,packaging,group_id,unity_id,validity_days)VALUES('Leite em pó 25x400',1,'LEITE EM PO 25x400 MOINHO',1,'SC COM 25KG',5,'KG',365);



INSERT INTO tb_STOCK_MOVEMENT(date,description,id_orign_movement,type,product_id,cost,entry,out)VALUES(TIMESTAMP WITH TIME ZONE '2021-06-01T20:50:07.12345Z','',0,5,1,1.20,50000,0);
INSERT INTO tb_STOCK_MOVEMENT(date,description,id_orign_movement,type,product_id,cost,entry,out)VALUES(TIMESTAMP WITH TIME ZONE '2021-06-10T20:50:07.12345Z','',0,5,1,1.25,10000,0);
INSERT INTO tb_STOCK_MOVEMENT(date,description,id_orign_movement,type,product_id,cost,entry,out)VALUES(TIMESTAMP WITH TIME ZONE '2021-06-15T20:50:07.12345Z','',0,5,1,1.05,100500,0);
INSERT INTO tb_STOCK_MOVEMENT(date,description,id_orign_movement,type,product_id,cost,entry,out)VALUES(TIMESTAMP WITH TIME ZONE '2021-06-25T20:50:07.12345Z','',0,5,1,1.35,5000,0);
INSERT INTO tb_STOCK_MOVEMENT(date,description,id_orign_movement,type,product_id,cost,entry,out)VALUES(TIMESTAMP WITH TIME ZONE '2021-06-05T20:50:07.12345Z','',0,5,2,0.90,1000,0);
INSERT INTO tb_STOCK_MOVEMENT(date,description,id_orign_movement,type,product_id,cost,entry,out)VALUES(TIMESTAMP WITH TIME ZONE '2021-06-10T20:50:07.12345Z','',0,5,2,0.91,500,0);
INSERT INTO tb_STOCK_MOVEMENT(date,description,id_orign_movement,type,product_id,cost,entry,out)VALUES(TIMESTAMP WITH TIME ZONE '2021-06-16T20:50:07.12345Z','',0,5,2,0.93,1500,0);
INSERT INTO tb_STOCK_MOVEMENT(date,description,id_orign_movement,type,product_id,cost,entry,out)VALUES(TIMESTAMP WITH TIME ZONE '2021-06-26T20:50:07.12345Z','',0,5,2,0.95,100,0);
INSERT INTO tb_STOCK_MOVEMENT(date,description,id_orign_movement,type,product_id,cost,entry,out)VALUES(TIMESTAMP WITH TIME ZONE '2021-06-05T20:50:07.12345Z','',0,5,3,0.90,1000,0);
INSERT INTO tb_STOCK_MOVEMENT(date,description,id_orign_movement,type,product_id,cost,entry,out)VALUES(TIMESTAMP WITH TIME ZONE '2021-06-10T20:50:07.12345Z','',0,5,3,0.91,500,0);
INSERT INTO tb_STOCK_MOVEMENT(date,description,id_orign_movement,type,product_id,cost,entry,out)VALUES(TIMESTAMP WITH TIME ZONE '2021-06-16T20:50:07.12345Z','',0,5,3,0.93,1500,0);
INSERT INTO tb_STOCK_MOVEMENT(date,description,id_orign_movement,type,product_id,cost,entry,out)VALUES(TIMESTAMP WITH TIME ZONE '2021-06-30T20:50:07.12345Z','',0,5,3,0.95,100,0);
INSERT INTO tb_STOCK_MOVEMENT(date,description,id_orign_movement,type,product_id,cost,entry,out)VALUES(TIMESTAMP WITH TIME ZONE '2021-06-02T20:50:07.12345Z','',0,5,4,0.15,1000,0);
INSERT INTO tb_STOCK_MOVEMENT(date,description,id_orign_movement,type,product_id,cost,entry,out)VALUES(TIMESTAMP WITH TIME ZONE '2021-06-05T20:50:07.12345Z','',0,5,4,0.13,100,0);
INSERT INTO tb_STOCK_MOVEMENT(date,description,id_orign_movement,type,product_id,cost,entry,out)VALUES(TIMESTAMP WITH TIME ZONE '2021-06-05T20:50:07.12345Z','',0,5,5,0.7,1000,0);
INSERT INTO tb_STOCK_MOVEMENT(date,description,id_orign_movement,type,product_id,cost,entry,out)VALUES(TIMESTAMP WITH TIME ZONE '2021-06-25T20:50:07.12345Z','',0,5,6,31,100,0);
INSERT INTO tb_STOCK_MOVEMENT(date,description,id_orign_movement,type,product_id,cost,entry,out)VALUES(TIMESTAMP WITH TIME ZONE '2021-06-01T20:50:07.12345Z','',0,5,6,32.52,100,0);


INSERT INTO TB_FORMULATION (COEFFICIENT,DESCRIPTION,PRODUCT_ID,TYPE,LEVEL) VALUES(1000,'LEITE EM PO',7,0,1);
INSERT INTO TB_FORMULATION_ITEM(FORMULATION_ID,PRODUCT_ID,QUANTITY,ROUND,TYPE,RAW_MATERIAL)VALUES(1,1,8400,false,0,true);
INSERT INTO TB_FORMULATION_ITEM(FORMULATION_ID,PRODUCT_ID,QUANTITY,ROUND,TYPE,RAW_MATERIAL)VALUES(1,3,40,true,0,false);
INSERT INTO TB_FORMULATION_ITEM(FORMULATION_ID,PRODUCT_ID,QUANTITY,ROUND,TYPE,RAW_MATERIAL)VALUES(1,4,40,true,1,false);
INSERT INTO TB_FORMULATION_ITEM(FORMULATION_ID,PRODUCT_ID,QUANTITY,ROUND,TYPE,RAW_MATERIAL)VALUES(1,5,40,true,0,false);
INSERT INTO TB_FORMULATION_ITEM(FORMULATION_ID,PRODUCT_ID,QUANTITY,ROUND,TYPE,RAW_MATERIAL)VALUES(1,6,0.36,false,0,false);

INSERT INTO TB_FORMULATION (COEFFICIENT,DESCRIPTION,PRODUCT_ID,TYPE,LEVEL) VALUES(1000,'LEITE EM PO DESNATADO',8,0,1);
INSERT INTO TB_FORMULATION_ITEM(FORMULATION_ID,PRODUCT_ID,QUANTITY,ROUND,TYPE,RAW_MATERIAL)VALUES(2,2,9285,false,0,true);
INSERT INTO TB_FORMULATION_ITEM(FORMULATION_ID,PRODUCT_ID,QUANTITY,ROUND,TYPE,RAW_MATERIAL)VALUES(2,3,40,true,0,false);
INSERT INTO TB_FORMULATION_ITEM(FORMULATION_ID,PRODUCT_ID,QUANTITY,ROUND,TYPE,RAW_MATERIAL)VALUES(2,4,40,true,1,false);
INSERT INTO TB_FORMULATION_ITEM(FORMULATION_ID,PRODUCT_ID,QUANTITY,ROUND,TYPE,RAW_MATERIAL)VALUES(2,5,40,true,0,false);
INSERT INTO TB_FORMULATION_ITEM(FORMULATION_ID,PRODUCT_ID,QUANTITY,ROUND,TYPE,RAW_MATERIAL)VALUES(2,6,0.36,false,0,false);

INSERT INTO TB_FORMULATION (COEFFICIENT,DESCRIPTION,PRODUCT_ID,TYPE,LEVEL) VALUES(1000,'LEITE EM PO MOINHO 25X400',16,1,1);
INSERT INTO TB_FORMULATION_ITEM(FORMULATION_ID,PRODUCT_ID,QUANTITY,ROUND,TYPE,RAW_MATERIAL)VALUES(3,15,178,false,0,false);
INSERT INTO TB_FORMULATION_ITEM(FORMULATION_ID,PRODUCT_ID,QUANTITY,ROUND,TYPE,RAW_MATERIAL)VALUES(3,6,0.44,false,0,false);
INSERT INTO TB_FORMULATION_ITEM(FORMULATION_ID,PRODUCT_ID,QUANTITY,ROUND,TYPE,RAW_MATERIAL)VALUES(3,14,12.5,false,0,false);
INSERT INTO TB_FORMULATION_ITEM(FORMULATION_ID,PRODUCT_ID,QUANTITY,ROUND,TYPE,RAW_MATERIAL)VALUES(3,13,2.5,false,0,false);
INSERT INTO TB_FORMULATION_ITEM(FORMULATION_ID,PRODUCT_ID,QUANTITY,ROUND,TYPE,RAW_MATERIAL)VALUES(3,11,1000,true,0,false);
INSERT INTO TB_FORMULATION_ITEM(FORMULATION_ID,PRODUCT_ID,QUANTITY,ROUND,TYPE,RAW_MATERIAL)VALUES(3,7,10000,false,0,true);
INSERT INTO TB_FORMULATION_ITEM(FORMULATION_ID,PRODUCT_ID,QUANTITY,ROUND,TYPE,RAW_MATERIAL)VALUES(3,7,10000,false,0,true);

INSERT INTO TB_EMPLOYEE(NAME,SECTOR_ID) VALUES('JOAO',1);
INSERT INTO TB_EMPLOYEE(NAME,SECTOR_ID) VALUES('SEBASTIAO',1);
INSERT INTO TB_EMPLOYEE(NAME,SECTOR_ID) VALUES('MARIA',2);
INSERT INTO TB_EMPLOYEE(NAME,SECTOR_ID) VALUES('ANA',2);
INSERT INTO TB_EMPLOYEE(NAME,SECTOR_ID) VALUES('JONAS',3);

INSERT INTO TB_FORMULATION_OPERATIONAL_COST(FORMULATION_ID,OPERATIONAL_COST_TYPE_ID) VALUES(1,1);
INSERT INTO TB_FORMULATION_OPERATIONAL_COST(FORMULATION_ID,OPERATIONAL_COST_TYPE_ID) VALUES(1,2);
INSERT INTO TB_FORMULATION_OPERATIONAL_COST(FORMULATION_ID,OPERATIONAL_COST_TYPE_ID) VALUES(1,3);

INSERT INTO TB_FORMULATION_OPERATIONAL_COST (FORMULATION_ID,OPERATIONAL_COST_TYPE_ID) VALUES(2,1);
INSERT INTO TB_FORMULATION_OPERATIONAL_COST (FORMULATION_ID,OPERATIONAL_COST_TYPE_ID) VALUES(2,2);
INSERT INTO TB_FORMULATION_OPERATIONAL_COST (FORMULATION_ID,OPERATIONAL_COST_TYPE_ID) VALUES(2,3);

INSERT INTO TB_FORMULATION_SECTOR(FORMULATION_ID,SECTOR_ID) VALUES(1,1);
INSERT INTO TB_FORMULATION_SECTOR(FORMULATION_ID,SECTOR_ID) VALUES(1,3);

INSERT INTO TB_FORMULATION_SECTOR(FORMULATION_ID,SECTOR_ID) VALUES(2,1);
INSERT INTO TB_FORMULATION_SECTOR(FORMULATION_ID,SECTOR_ID) VALUES(2,3);

INSERT INTO TB_PAYMENT(DATE,DESCRIPTION,DOCUMENT_NUMBER,VALUE)VALUES('2021-06-15','Conta de Luz Ref:04/21','12548',10045.45);
INSERT INTO TB_OPERATIONAL_PAYMENT(ID,APPORTIONMENT_TYPE_ID)VALUES(1,1);  

INSERT INTO TB_PAYMENT(DATE,DESCRIPTION,DOCUMENT_NUMBER,VALUE)VALUES('2021-06-15','Conta de Agua:04/21','000254',1456.78);
INSERT INTO TB_OPERATIONAL_PAYMENT(ID,APPORTIONMENT_TYPE_ID)VALUES(2,3);

INSERT INTO TB_PAYMENT(DATE,DESCRIPTION,DOCUMENT_NUMBER,VALUE)VALUES('2021-06-15','Ref. consumo de produto de limpeza','xxxx',254.15);
INSERT INTO TB_OPERATIONAL_PAYMENT(ID,APPORTIONMENT_TYPE_ID)VALUES(3,2);

INSERT INTO TB_PAYMENT(DATE,DESCRIPTION,DOCUMENT_NUMBER,VALUE)VALUES('2021-06-15','Ref. consumo de produto de limpeza','xxxx',157.45);
INSERT INTO TB_OPERATIONAL_PAYMENT(ID,APPORTIONMENT_TYPE_ID)VALUES(4,2);

INSERT INTO TB_PAYMENT(DATE,DESCRIPTION,DOCUMENT_NUMBER,VALUE)VALUES('2021-06-30','Ref: Salario Abril/21','xxxx',1458);
INSERT INTO TB_LABOR_PAYMENT(ID,EMPLOYEE_ID,LABOR_COST_TYPE)VALUES(5,1,1);  

INSERT INTO TB_PAYMENT(DATE,DESCRIPTION,DOCUMENT_NUMBER,VALUE)VALUES('2021-06-30','Ref: Salario Abril/21','xxxx',2542);
INSERT INTO TB_LABOR_PAYMENT(ID,EMPLOYEE_ID,LABOR_COST_TYPE)VALUES(6,5,1);  

INSERT INTO TB_PAYMENT(DATE,DESCRIPTION,DOCUMENT_NUMBER,VALUE)VALUES('2021-06-30','Ref: Salario Abril/21','xxxx',1765.5);
INSERT INTO TB_LABOR_PAYMENT(ID,EMPLOYEE_ID,LABOR_COST_TYPE)VALUES(7,2,1);  

INSERT INTO TB_PAYMENT(DATE,DESCRIPTION,DOCUMENT_NUMBER,VALUE)VALUES('2021-06-30','Ref: Vale Transporte Abril/21','xxxx',154.5);
INSERT INTO TB_LABOR_PAYMENT(ID,EMPLOYEE_ID,LABOR_COST_TYPE)VALUES(8,2,3);  

INSERT INTO TB_PARAMETER(ID,COMPANY_NAME,PRODUCTION_ORDER_WITHOUT_STOCK,TYPE_COST_USED)VALUES(1,'Moinho Ltda',true,1);

INSERT INTO TB_FORMULATION_SECONDARY_PRODUCTION(FORMULATION_ID,PRODUCT_ID)VALUES(1,9);
INSERT INTO TB_FORMULATION_SECONDARY_PRODUCTION(FORMULATION_ID,PRODUCT_ID)VALUES(2,10);  




update tb_product set AVERAGE_COST=ROUND((SELECT sum(entry*cost)  / sum(entry)  FROM TB_STOCK_MOVEMENT WHERE TB_STOCK_MOVEMENT .PRODUCT_ID=tb_product.ID group by product_id),2);
update tb_product set COST_LAST_ENTRY=ROUND((SELECT sum(entry*cost)  / sum(entry)  FROM TB_STOCK_MOVEMENT WHERE TB_STOCK_MOVEMENT .PRODUCT_ID=tb_product.ID group by product_id),2);
update tb_product set STOCK_BALANCE=(SELECT sum(entry)  FROM TB_STOCK_MOVEMENT WHERE TB_STOCK_MOVEMENT .PRODUCT_ID=tb_product.ID group by product_id);



